text,true_label,predicted,confidence,text_length,length_bin,confidence_bin,error_type
"Waiting for green cards, Indian visa-holders see hope in Trump review SAN FRANCISCO (Reuters) - When Gokul Gunasekaran was offered a full scholarship for a graduate program in electrical engineering at Stanford University, he saw it as the chance of a lifetime. He had grown up in Chennai, India, and had a solid job offer with a large oil company after getting his undergraduate degree. He came to America instead, got the Stanford degree and now works as an engineer at a data science startup in Silicon Valley. But for the past five years, he has been waiting for a green card that would give him full legal rights as a permanent resident. In the meantime, he is in a holding pattern on an H1-B visa, which permits him to live and work in the United States but does not allow him easily to switch jobs or start his own company. “It was a no-brainer when I came to this country, but now I’m kind of regretting taking that scholarship,” said Gunasekaran, 29, who is also vice president with a non-profit group called Immigration Voice that represents immigrants waiting for green cards.  Immigration Voice estimates there are some 1.5 million H1-B visa holders in the country waiting for green cards, many of whom are from India and have been waiting for more than a decade. Many of these immigrants welcomed President Donald Trump’s executive order this week to the federal departments overseeing the program to review it, a move that may lead to H1-B visas being awarded to the highest-paying, highest-skilled jobs rather than through a random lottery. Their hope is that merit-based H1-Bs might then lead to merit-based green cards. “I think less random is great,” said Guru Hariharan, the CEO and founder of Boomerang Commerce, an e-commerce startup. Hariharan, who was previously an executive at Amazon.com Inc and eBay Inc, spent 10 years waiting for his green card and started his own company as soon as he got it. Green cards can be a path to naturalization and Hariharan expects to become a U.S. citizen soon. H1-B visas are aimed at foreign nationals in occupations that generally require specialized knowledge, such as science, engineering or computer programming. The U.S. government uses a lottery to award 65,000 such visas yearly and randomly distributes another 20,000 to graduate student workers. The H1-B and the green card system are technically separate, but many immigrants from India see them as intimately connected. The number of green cards that can go to people born in each country is capped at a few percent of the total, without regard to how large or small the country’s population is. There is a big backlog of Indian-born people in the line, given the size of India’s population - 1.3 billion - and the number of its natives in the United States waiting for green cards. That leaves many of those immigrants stuck on H1-B visas while they wait, which they say makes them almost like “indentured servants,” said Gaurav Mehta, an H1-B holder who works in the financial industry.  Mehta has a U.S.-born son, but he could be forced to take his family back to India at any time if he loses his job and cannot find another quickly. “He’s never been to my country,” Mehta said of his son. “But we’ll have no choice if we have to go. Nobody likes to live in constant fear.”  The H1-B visa is tied to a specific employer, who must apply for the visa and sponsor the employee for a specific job laid out in the visa application. To switch employers, the visa holder must secure their paperwork from their current employer and find another employer willing to take over their visa. Some H1-B holders suspect that employers purposely seek out Indian immigrants because they know they will end up waiting for green cards and will be afraid to leave their employers. But changing the green card system away from country caps to a merit-based system would require an act of Congress. Some  executives also worry that allocating H1-Bs and green cards based on salary - while it would be done to counter the argument that immigrants undercut American workers - would hurt startups that cannot afford high wages. In the meantime, H1-B holders like Nitin Pachisia, founding partner of a venture capital firm called Unshackled Ventures, are taking more practical measures. His firm specializes in taking care of the legal paperwork so that H1-B holders can start their own companies, a process that is possible but tricky. Pachisia is hopeful that changes to the H1-B visa program could revive interest in making the entire system, from H1-B visas to green cards and eventual citizenship, more merit-based and focused on immigrants who are likely to start companies and create jobs. “If the purpose of our high-skilled immigration program is to bring in the most talented people, let’s use that as a lens. From that perspective, it’s a good thing we can focus on the most talented, and I’d say most entrepreneurial, people,” he said. (This version of the story has been refiled to add missing word “startup” in paragraph two) ",0,1,0.5542006761025179,5039,very long (2K+),borderline (0.4-0.6),False Positive (Real->Fake)
"PUTIN ACCUSES U.S. Of Leaking Flight Path Of Russian Plane Shot Down By Turkey…Turkey Buying ISIS Oil Countdown until Obama is OUT OF OFFICE: 347 days 8 hours 29 minutes 30 secondsPresident Vladimir Putin said on Thursday that Russia had given prior information to the United States of the flight path of the plane downed by Turkey on the Syrian border. The American side, which leads the coalition that Turkey belongs to, knew about the location and time of our planes  flights, and we were hit exactly there and at that time,  Putin said at a joint press conference with French counterpart Francois Hollande in the Kremlin. Putin said the Russians had given prior information to the U.S. of the flight path of the plane   but the U.S. had  leaked  the information to Turkey.Ahead of the Hollande talks, Putin and Turkish President Recep Tayyip Erdogan traded barbs, with the Russian leader saying he was waiting for an apology and Erdogan ruling out any such move.President Recep Tayyip Erdogan says Turkey s right to protect its borders must be respected, after the military shot down a Russian plane on the Syrian border for allegedly violating its airspace.Putin on Thursday dismissed as  rubbish  Turkey s claim that it would not have shot down the jet if it had known it was Russian. They [our planes] have identification signs and these are well visible,  Putin said.  Instead of [ ] ensuring this never happens again, we are hearing unintelligible explanations and statements that there is nothing to apologise about. Putin has also accused Turkey of buying oil from the Islamic State jihadist group, whose financing heavily relies on the sale of energy resources.Putin said there was  no doubt  that oil from  terrorist-controlled  territory in Syria was making its way across the border into Turkey. We see from the sky where these vehicles [carrying oil] are going,  Putin said.  They are going to Turkey day and night. These barrels are not only carrying oil but also the blood of our citizens because with this money terrorists buy weapons and ammunition and then organise bloody attacks,  he added.Via: Yahoo",1,0,0.14984980549138352,2123,very long (2K+),uncertain (<0.4),False Negative (Fake->Real)
"Factbox: Review of U.S. national monuments could unlock new energy reserves  (In this June 9 story, corrects name of company in paragraph 6 to California Resources Corporation; adds “million” in final paragraph) WASHINGTON (Reuters) - U.S. Interior Secretary Ryan Zinke will make a recommendation to the White House on Saturday on whether to rescind or resize the Bears Ears monument in Utah, setting the tone for the Trump administration’s broader study of which lands protected by past presidents should be reopened to development. It is unclear when the decision will be made public.  While the land encompassed by the 1.35 million-acre Bears Ears monument is not believed to contain massive amounts of coal, oil or gas, several other monuments on Zinke’s review list may, making the Bears Ears decision important to industry groups. Here is a list: Barack Obama designated this 704,000 acres of southeastern Nevada a national monument in 2015. The area sits in the Chainman Shale play, which is believed by some in the drilling industry to be a promising reserve.  Barack Obama designated this 1.35 million acres in southeastern Utah a national monument in late 2016, shortly before leaving office. The area, which surrounds a pair of iconic buttes, has moderate oil and gas potential, and one oil company, EOG Resources, was granted drilling leases within its boundaries shortly before the designation.  Bill Clinton designated this 178,000-acre area in southwestern Colorado a national monument in 2000, but because it was already an active zone for the oil and gas industry, he granted drillers an allowance to continue to operate there, with limitations. Bill Clinton designated this 204,000-acre area in California a national monument in 2001. It is located in an area that has seen oil exploration in the past and has some moderate potential for commercial reservoirs. California Resources Corporation has pre-existing drilling rights on part of the monument, but has not yet made a big find. GRAND STAIRCASE-ESCALANTE: Bill Clinton designated this 1.9 million acre swath of southern Utah a national monument in 1996. It holds roughly 62 billion tons of coal, along with coal bed gas, and potentially commercial quantities of oil, according to the Utah Geological Survey. (here ) Bill Clinton designated this 495,000 acre area of central Montana a national monument in 2001. In 1995, the U.S. Geological Survey estimated the area held somewhere between 58.2 and 719.9 billion cubic feet of natural gas, along with between 14 million and 180 million barrels oil. (here )",0,1,0.8622209859969117,2579,very long (2K+),confident (0.8+),False Positive (Real->Fake)
"BREAKING NEWS: President Trump Announces Major Policy Shift on Transgender People in the US Military President Trump just tweeted out a new policy in the US military that was made after consultation with military experts and Generals:Trump made the announcement, which would represent a major shift in military policy, on Twitter. He said he had made the decision after consulting with  my generals and military experts. After consultation with my Generals and military experts, please be advised that the United States Government will not accept or allow Transgender individuals to serve in any capacity in the U.S. Military,  Trump tweeted. Our military must be focused on decisive and overwhelming victory and cannot be burdened with the tremendous medical costs and disruption that transgender in the military would entail. Thank you ",1,0,0.036532204881783964,838,long (500-2K),uncertain (<0.4),False Negative (Fake->Real)
"BREAKING: Activist Appeals Court Rules Against Trump…Trump Comes Out Swinging…Tweets Awesome Reply A federal appeals court ruled that the U.S. will remain open to refugees and visa holders from seven Muslim-majority countries, rejecting a bid by the Trump administration to reinstate a travel ban in the name of national security.The San Francisco-based appeals court on Thursday spurned the government s request to close the doors after days of public debate over President Donald Trump s attacks on the judicial system and a rush of fearful immigrants. The ruling increases the likelihood that the administration will ask the Supreme Court to step into a case that s the biggest test of Trump s executive power yet .The public  has an interest in free flow of travel, in avoiding separation of families, and in freedom from discrimination,  a three-judge panel said in a unanimous 29-page ruling.A VICTORY FOR TECH COMPANIES WANTING CHEAP LABOR:The panel s ruling in favor of immigrants is a victory not only for Washington and Minnesota   the states that sued   but for Facebook Inc., Google Inc. and Microsoft Corp., which said in court papers that the measure would hinder their global businesses.Read more: Bloomberg Business",1,0,0.18406653119113392,1231,long (500-2K),uncertain (<0.4),False Negative (Fake->Real)
"Obama says journalists partly to blame for tone of presidential race WASHINGTON (Reuters) - President Barack Obama on Monday laid some of the blame for the tone of the presidential campaign on political journalism that has been pinched by shrinking newsroom budgets and cheapened by a focus on retweets and likes on social media. In a speech to a journalism awards dinner, Obama urged journalists to ask tougher questions of the candidates vying to be president. He voiced dismay over the vulgar rhetoric, violence at rallies and unrealistic campaign pledges that have continually grabbed headlines, in a thinly veiled reference to Republican front-runner Donald Trump. “The number one question I’m getting as I travel around the world or talk to world leaders right now is, ‘What is happening in America?’ about our politics,” Obama said, describing international alarm over whether the United States will continue to function effectively. “It’s not because around the world people have not seen crazy politics. It is that they understand America is the place where you can’t afford completely crazy politics,” he said. “When our elected officials and our political campaigns become entirely untethered to reason and facts and analysis, when it doesn’t matter what’s true and what’s not, that makes it all but impossible for us to make good decisions on behalf of future generations,” Obama said. He said the media landscape has changed since his first presidential campaign in 2008, when “there was a price if you said one thing and then did something completely different. “The question is, in the current media environment, is that still true? Does that still hold?” he said. He said news organizations have a responsibility to dig deeper despite the faster pace of “this smartphone age” and steep financial pressures in the news business. Voters “would be better served if billions of dollars in free media came with serious accountability, especially when politicians issue unworkable plans or make promises they can’t keep,” Obama said. The New York Times earlier this month reported that Trump has so far earned almost $1.9 billion worth of media coverage, compared with $313 million for the next closest Republican challenger, U.S. Senator Ted Cruz of Texas, and $746 million for Democratic front-runner Hillary Clinton. ",0,1,0.7892668056900038,2330,very long (2K+),moderate (0.6-0.8),False Positive (Real->Fake)
"Instant View: Trump orders military strikes on Syrian air base (Reuters) - U.S. President Donald Trump said on Thursday he ordered a targeted military strike against an airfield controlled by Syrian President Bashar al-Assad’s forces. A deadly chemical attack was launched this week from that base. “This action was appropriate and just.” “Resolving the years-long crisis in Syria is a complex task, but Bashar al-Assad must be held accountable and his enablers must be persuaded to change course. I look forward to the administration further engaging Congress in this effort.”  “Building on tonight’s credible first step, we must finally learn the lessons of history and ensure that tactical success leads to strategic progress. That means following through with a new, comprehensive strategy in coordination with our allies and partners to end the conflict in Syria.” “It is critical that Assad knows he will no longer enjoy impunity for his horrific crimes against his own citizens, and this proportional step was appropriate. As we move forward, it will be important for the administration to engage with Congress and clearly communicate its full strategy to the American people.” “Assad was warned, repeatedly, by the U.S. and the U.N. that the intentional targeting of innocent men, women and children is intolerable. Now Assad has been caught red-handed carrying out another abhorrent chemical attack, and the administration has taken a measured response.” REPRESENTATIVE ADAM SCHIFF, RANKING MEMBER, HOUSE INTELLIGENCE “I will be reintroducing an authorization for use of military force against ISIS and al Qaeda when Congress returns to session. Congress cannot abdicate its responsibility any longer and should vote on any use of force not made in self defense. This is necessary whether action is taken against terrorist groups or, as here, against regime capabilities.” “Making sure Assad knows that when he commits such despicable atrocities he will pay a price is the right thing to do.‎ It is incumbent on the Trump administration to come up with a strategy and consult with Congress before implementing it.” SENATOR BEN CARDIN, TOP DEMOCRAT ON SENATE FOREIGN RELATIONS “I cannot emphasize this enough, any longer-term or larger military operation in Syria by the Trump administration will need to be done in consultation with the Congress. Furthermore, it is the president’s responsibility to inform the legislative branch and the American people about his larger policy in Syria, as well as the legal basis for this action and any additional military activities in that country.” SENATOR MARCO RUBIO, REPUBLICAN ON SENATE FOREIGN RELATIONS “What must follow is a real and comprehensive strategy to ensure that Assad is no longer a threat to his people and to U.S. security, and that Russia no longer has free rein to support his regime.” “While we all condemn the atrocities in Syria, the United States was not attacked. The president needs congressional authorization for military action as required by the Constitution, and I call on him to come to Congress for a proper debate. Our prior interventions in this region have done nothing to make us safer, and Syria will be no different.” “My preliminary briefing by the White House indicated that this was a measured response to the Syrian nerve gas atrocity. Any further action will require close scrutiny by Congress, and any escalation beyond air strikes or missile strikes will require engaging the American people in that decision.” “While I’m encouraged that the Trump administration has felt compelled to act forcefully in Syria against the Assad regime, I’m gravely concerned that the United States is engaging further militarily in Syria without a well-thought-out, comprehensive plan. Frankly, the president’s actions today generate more questions than answers.” ",0,1,0.9842851961343118,3841,very long (2K+),confident (0.8+),False Positive (Real->Fake)
"Chicago black pastors shun mayor's annual King breakfast CHICAGO (Reuters) - A group of black pastors boycotted Chicago Mayor Rahm Emanuel’s annual Martin Luther King breakfast on Friday, over his handling of police killings, and one pastor attended the event but interrupted it with protest chants before being escorted out. A handful of religious leaders joined protesters who blocked one entrance to the Hyatt Hotel where the breakfast was being held, chanting demands that Emanuel step down. But hundreds of Chicago’s African-American leaders did attend the breakfast - started in the 1980s by the city’s first black mayor, Harold Washington - and the event to honor civil rights leader King. “This boycott is not in opposition to Harold Washington nor Martin Luther King Jr. This boycott stands for the very cause that they stood for, it was through protesting that achievement was made. To sit by and do nothing is to endorse what is going on,” said Bishop Edgar Mullins, pastor of Grace Family Worship Center church, one of the boycotters. Local media showed footage of Rev. Matthew Ross interrupting the breakfast and chanting “16 shots and a cover-up,” in reference to the 2014 fatal shooting of Laquan McDonald, before security guards escorted him from the conference room. Police killings, mostly of men of color, have led to protests around the United States in the past year and a half.  A wave of protests over police killings in Chicago, mostly of young black men, has forced Emanuel to fire his police chief and accept a federal probe of the police department. The city has also reversed its previous policy not to release video footage of police killings. On Thursday officials made public the images from surveillance cameras that show police killing Cedric Chatman, 17, in January 2013. Lawyers for his family say the video contradicts police statements that Chatman, a carjacking suspect, had a dark object that he pointed at them. Alderman Anthony Beale of the city’s ninth ward was among black leaders who attended the breakfast on Friday. He said he was there to honor King’s legacy, which made protests possible. “Either you’re part of the problem or part of the solution. I choose to be part of the solution ... Now is a golden opportunity for us to put real change in this city,” he said. ",0,1,0.9584315920909425,2315,very long (2K+),confident (0.8+),False Positive (Real->Fake)
TRUMP FINANCIAL ADVISOR Has Great Tax News For Job Creators: “I think they need to get that done quickly”…MAGA! [VIDEO] President-elect Donald J. Trump s economic advisor Steve Moore told Neil Cavuto the incoming administration may introduce two separate tax bills to increase chances of prompt Congressional approval. Moore says Trump s tax reform plan should primarily focus on slashing the corporate tax rate to somewhere between 15% and 20%. ,1,0,0.24365988319500692,446,medium (100-500),uncertain (<0.4),False Negative (Fake->Real)
"Benghazi Survivor On Hillary Clinton: “I Don’t Think She Has A Soul” #FeelTheBern of incompetence A survivor of the 2012 Benghazi siege that claimed the lives of four Americans and subject of the movie  13 Hours  repudiated Hillary Clinton Thursday night in Connecticut s largest Democratic stronghold.Kris  Tanto  Paronto, a military contractor and former Army Ranger, said Clinton failed as secretary of state to send in adequate reinforcements when the U.S. mission in Libya was under terrorist attack.Part of the security team that tried to defend the compound, Paronto headlined the annual Lincoln Day fundraising dinner of Bridgeport Republicans, who make up less than 10 percent of the city s electorate.Paronto stopped short of endorsing the GOP s presumptive presidential nominee, Donald Trump, but said he will work with Republicans to shine a light on what happened in the confusion of the attack that killed U.S. ambassador to Libya J. Christopher Stevens on Sept. 11, 2012. I don t think she has a soul,  Paronto said of Clinton during an interview with Hearst Connecticut Media.  I hope it haunts her. I don t think it will. A spokesman for Clinton, who campaigned in Bridgeport ahead of her primary victory last month in Connecticut, declined to comment.Paronto said he has no doubt that there is a nexus between the Benghazi attack and the email scandal that has dogged Clinton, who has been criticized for using a personal server to send and receive classified material when she was secretary of state. He repeated accusations that Clinton misled the victims  families over what incited the attack. She lied to the family members, period,  Paronto said.  People are believing her over the family members of teammates that I lost. Clinton has denied telling the victims  families that an anti-Islam video was to blame for sparking the attack.Andy Wainwright, a Republican State Central Committee member from Stamford, said he recently saw  13 Hours  and was mesmerized. It was not a political movie,  he said.  There was no finger-pointing. It highlights the bureaucracy and a lot of times the military being handcuffed. For entire story: CT Post",1,0,0.02929931184385209,2162,very long (2K+),uncertain (<0.4),False Negative (Fake->Real)
"Text of Nobel Peace Prize award to anti-nuclear campaign ICAN OSLO (Reuters) - Following is the text of the Nobel Peace Prize award on Friday to the International Campaign to Abolish Nuclear Weapons: The Norwegian Nobel Committee has decided to award the Nobel Peace Prize for 2017 to the International Campaign to Abolish Nuclear Weapons (ICAN).  The organization is receiving the award for its work to draw attention to the catastrophic humanitarian consequences of any use of nuclear weapons and for its ground-breaking efforts to achieve a treaty-based prohibition of such weapons. We live in a world where the risk of nuclear weapons being used is greater than it has been for a long time. Some states are modernizing their nuclear arsenals, and there is a real danger that more countries will try to procure nuclear weapons, as exemplified by North Korea.  Nuclear weapons pose a constant threat to humanity and all life on earth. Through binding international agreements, the international community has previously adopted prohibitions against land mines, cluster munitions and biological and chemical weapons. Nuclear weapons are even more destructive, but have not yet been made the object of a similar international legal prohibition. Through its work, ICAN has helped to fill this legal gap. An important argument in the rationale for prohibiting nuclear weapons is the unacceptable human suffering that a nuclear war will cause. ICAN is a coalition of non-governmental organizations from around 100 different countries around the globe. The coalition has been a driving force in prevailing upon the world s nations to pledge to cooperate with all relevant stakeholders in efforts to stigmatize, prohibit and eliminate nuclear weapons. To date, 108 states have made such a commitment, known as the Humanitarian Pledge. Furthermore, ICAN has been the leading civil society actor in the endeavor to achieve a prohibition of nuclear weapons under international law. On 7 July 2017, 122 of the UN member states acceded to the Treaty on the Prohibition of Nuclear Weapons.  As soon as the treaty has been ratified by 50 states, the ban on nuclear weapons will enter into force and will be binding under international law for all the countries that are party to the treaty. The Norwegian Nobel Committee is aware that an international legal prohibition will not in itself eliminate a single nuclear weapon, and that so far neither the states that already have nuclear weapons nor their closest allies support the nuclear weapon ban treaty.  The Committee wishes to emphasize that the next steps towards attaining a world free of nuclear weapons must involve the nuclear-armed states. This year s Peace Prize is therefore also a call upon these states to initiate serious negotiations with a view to the gradual, balanced and carefully monitored elimination of the almost 15,000 nuclear weapons in the world. Five of the states that currently have nuclear weapons   the USA, Russia, the United Kingdom, France and China   have already committed to this objective through their accession to the Treaty on the Non-Proliferation of Nuclear Weapons of 1970. The Non-Proliferation Treaty will remain the primary international legal instrument for promoting nuclear disarmament and preventing the further spread of such weapons. It is now 71 years since the UN General Assembly, in its very first resolution, advocated the importance of nuclear disarmament and a nuclear weapon-free world. With this year s award, the Norwegian Nobel Committee wishes to pay tribute to ICAN for giving new momentum to the efforts to achieve this goal. The decision to award the Nobel Peace Prize for 2017 to the International Campaign to Abolish Nuclear Weapons has a solid grounding in Alfred Nobel s will.  The will specifies three different criteria for awarding the Peace Prize: the promotion of fraternity between nations, the advancement of disarmament and arms control and the holding and promotion of peace congresses. ICAN works vigorously to achieve nuclear disarmament.  ICAN and a majority of UN member states have contributed to fraternity between nations by supporting the Humanitarian Pledge. And through its inspiring and innovative support for the UN negotiations on a treaty banning nuclear weapons, ICAN has played a major part in bringing about what in our day and age is equivalent to an international peace congress. It is the firm conviction of the Norwegian Nobel Committee that ICAN, more than anyone else, has in the past year given the efforts to achieve a world without nuclear weapons a new direction and new vigor. ",0,1,0.720309936122384,4626,very long (2K+),moderate (0.6-0.8),False Positive (Real->Fake)
"¿Qué bolá? Obama jokes with Cuban humorist in video HAVANA (Reuters) - U.S. President Barack Obama tried out his comedic chops with some Spanish in a video he made with Cuban humorist Pánfilo ahead of a historic visit to Havana. Obama, who has won praise from professional comedians for his comic timing, is due to arrive in Cuba on Sunday. He shot a segment from the Oval Office in which he pretends to have a conversation with Pánfilo in Cuba. The two sides of the call were edited together in a video playing on the Havana U.S. embassy’s social media feeds and the YouTube channel of an official Cuban media outlet on Saturday. (bit.ly/1WyRvHZ) Pánfilo calls Washington looking for a weather forecast for Tuesday’s exhibition game between Cuba’s national baseball team and the Tampa Bay Rays, a game Obama will intend. Instead of getting the weather service he ends up on the phone with Obama, asking if he is really speaking with the president. “Yes, the real Obama. Who’s this?” the president says. “I’m Pánfilo from Cuba.” “The real Pánfilo? From the TV show?” Obama asks. Pánfilo is shocked the president knows him, and Obama pretends to be equally star struck. “No me digas. ¿Qué bolá?” Obama says in Cuban slang. (“You don’t say. What’s up?”) Pánfilo then engages the U.S. president in his trademark gentle social satire of Cuban life, joking about old cars and cramped living quarters. ",0,1,0.9899568397892218,1396,long (500-2K),confident (0.8+),False Positive (Real->Fake)
"UNIV Of GA PROFESSOR Allows Students To CHOOSE THEIR OWN GRADES To Help Alleviate Stress A University of Georgia professor has adopted a  stress reduction policy  that will allow students to select their own grades if they  feel unduly stressed  by the ones they earned.According to online course syllabi for two of Dr. Richard Watson s fall business courses, he has introduced the policy because  emotional reactions to stressful situations can have profound consequences for all involved. As such, if students feel  unduly stressed by a grade for any assessable material or the overall course,  they can  email the instructor indicating what grade [they] think is appropriate, and it will be so changed  with  no explanation  being required. If in a group meeting, you feel stressed by your group s dynamics, you should leave the meeting immediately and need offer no explanation to the group members,  the policy adds, saying such students can  discontinue all further group work  with their remaining grade being  based totally on non-group work. Similarly, when it comes to  tests and exams  for Watson s  Data Management  and  Energy Informatics  courses, all will be  open book and open notes  and  designed to assess low level mastery of the course material  (the  Stress Reduction  section has been removed from both syllabi, but an archived version of the  Data Management  syllabus has been provided here).Finally, for in-class presentations, Watson will allow  only positive comments  to be made, while  comments designed to improve future presentations will be communicated by email.   For entire story: Campus ReformPerhaps someone should give the good professor a ticket to Afghanistan so he can spend time with some of our young, brave, college-age troops who don t get to chose their next assignment because it might be  too stressful  for them.Parents of these students need to start speaking up. We are raising a generation of marshmallows who will have no idea how to handle stress in real life situations. We as a nation, will have no one to blame but ourselves for raising an entire generation of coddled snowflakes with absolutely no coping skills.",1,0,0.06520673032878208,2171,very long (2K+),uncertain (<0.4),False Negative (Fake->Real)
"BREAKING: U.S. SUPREME COURT JUSTICE ANTONIN SCALIA Found Dead In TX Antonin Scalia was one of our most reliable, conservative US Supreme Court Justices. Pray for our nation Conservative U.S. Supreme Court Justice Antonin Scalia has died, setting up a major political showdown between President Barack Obama and the Republican-controlled Senate over who will replace him just months before a presidential election. On behalf of the court and retired justices, I am saddened to report that our colleague Justice Antonin Scalia has passed away,  Chief Justice John Roberts said in a statement on Saturday, calling Scalia, 79, an  extraordinary individual and jurist. Scalia s death was first reported by the San Antonio News-Express, who said he had apparently died of natural causes while visiting a luxury resort in West Texas.Appointed to the top U.S. court in 1986 by President Ronald Reagan, Scalia was known for his strident conservative views and theatrical flair in the courtroom.Obama, who is traveling in California, extended his condolences, and the White House said he would have more to say about Scalia s death later on Saturday.The U.S. president will face a stiff battle to win confirmation of a nominee to replace the dead jurist, with Republicans likely to delay in the hope that one of their own wins the November election.Obama could tilt the balance of the nation s highest court, which now consists of four conservatives and four liberals, if he is successful in pushing his nominate through the Senate confirmation process. Conservative Justice Anthony Kennedy sometimes joins with the liberals on high profile issues, including gay rights and the death penalty. Justice Scalia was an American hero. We owe it to him, and the nation, for the Senate to ensure that the next president names his replacement,  Senator Ted Cruz of Texas, a Republican presidential candidate, said on Twitter.The court is set to decide its first major abortion case in nearly 10 years as well as key cases on voting rights, affirmative action and immigration.POSSIBLE REPLACEMENTSScalia s replacement would be Obama s third appointment to the nine-justice court.Obama s first two appointments to the court, liberals Sonia Sotomayor in 2009 and Elena Kagan in 2010, both experienced relatively smooth confirmation hearings in the Senate, which was then controlled by Democrats. Sotomayor was approved by a 68-31 vote and Kagan by 63-37.The battle over Scalia s replacement will be different, with Republicans now in charge of the Senate and keen to exert their influence over the process. Obama is likely to be forced into picking a moderate with little or no history of advocating for liberal causes. Via: Yahoo News",1,0,0.003706059082471417,2715,very long (2K+),uncertain (<0.4),False Negative (Fake->Real)
"Alabama speaker convicted of ethics charges, removed from office (Reuters) - Alabama House Speaker Mike Hubbard, a powerful figure in state politics, was found guilty on Friday of using his elected office, along with his former post as chair of the state Republican Party, for personal gain, local media reported.  After seven hours of deliberation, a Lee County jury found Hubbard guilty of 12 of the 23 felony ethics charges he faced, convictions that automatically removed him from office, according to Alabamanews.net. “This should send a clear message that in Alabama we hold public officials accountable for their actions,” state Attorney General Luther Strange said on his website. Sentencing for Hubbard is scheduled for July 8. He faces 20 years in prison, Alabamanews.net reported. Hubbard’s attorneys told the news website that they would appeal the convictions. Hubbard was indicted by a state grand jury in October 2014 on charges of using his elected office, along with his former post as chair of the state Republican Party, for personal gain. Hubbard helped guide Republicans to majorities in both houses of the state legislature in 2010 for the first time in 136 years before his indictment.  ",0,1,0.7932096711485046,1210,long (500-2K),moderate (0.6-0.8),False Positive (Real->Fake)
"“G#d d*mn America”: DISTURBING PHOTOS Illustrate Obama’s “Diplomacy” Failure In Iran Yes this massive protest against America just happened today! Thousands of Iranians burned the American flag and chanted slogans Wednesday as they marked the anniversary of the seizure of the U.S. Embassy in Tehran by militant students 36 years ago.The annual state-organized rally drew greater attention this year, as Iranian hard-liners look to counter moderate President Hassan Rouhani s outreach to the West following a landmark nuclear deal reached with world powers in July. An Iranian official also chose the occasion to announce the arrest of an unspecified number of allegedly pro-American writers.The hard-liners fear Rouhani s efforts to improve relations will pave the way for the United States to undermine and eventually dismantle the Islamic republic formed after the 1979 revolution.On Nov. 4, 1979, militant students stormed the U.S. Embassy compound and took 52 Americans hostage after Washington refused to hand over the toppled U.S.-backed shah, Mohammad Reza Pahlavi, for trial in Iran. The students held the hostages for 444 days, and the two countries have had no diplomatic relations since then.Protesters on Wednesday carried placards reading  political and security penetration is forbidden.  They pumped their fists in the air, shouting  God damn America,  and  No compromise, no surrender to U.S. Others carried banners rejecting U.S. fast food chains McDonald s and Starbucks. Authorities recently closed a newly opened knock-off of KFC, saying it was unlicensed.Hard-liners view fast food outlets and other American products as part of a  cultural invasion  by the U.S. aimed at undermining Islamic rule and public morality.Foreign firms are poised to return to Iran following the lifting of international sanctions under the nuclear deal, but it remains unclear whether American brands will be allowed in.Iran s state TV showed similar demonstrations in other Iranian cities to mark the occasion, known as the  National Day against Global Arrogance. Wednesday s rally in Tehran also saw State Prosecutor Ebrahim Raeisi announce that the intelligence department of the elite Revolutionary Guard had detained a number of writers. The intelligence and security forces identified and cracked down on a network of penetration in media and cyberspace and detained spies and writers hired by Americans,  he told the rally, without elaborating. Under no circumstances will we allow penetration of Americans in economic, social and cultural areas,  he added.Iran has arrested a number of activists, journalists and artists since Rouhani s 2013 election and currently holds four Iranians with U.S. citizenship, including a Washington Post reporter. Analysts say the arrests are the work of hard-liners in the judiciary and the security forces. Via: AP News",1,0,0.30018294183216865,2862,very long (2K+),uncertain (<0.4),False Negative (Fake->Real)
"Clinton aide Abedin leaves husband Weiner after sexting report WASHINGTON (Reuters) - Huma Abedin, one of Democratic presidential candidate Hillary Clinton’s top aides, said on Monday that she was separating from her husband, Anthony Weiner, after a sex scandal similar to an earlier incident that led him to resign from the U.S. Congress. “After long and painful consideration and work on my marriage, I have made the decision to separate from my husband,” Huma Abedin said in a statement.   “Anthony and I remain devoted to doing what is best for our son, who is the light of our life. During this difficult time, I ask for respect for our privacy,” Abedin added. Abedin’s announcement follows a New York Post report late Sunday that Weiner recently sent photos of his boxer-brief-clad genitals – one while he was in bed with their toddler son – via Twitter to another woman. The photos were part of a months-long exchange between Weiner and the woman and many of the messages were sexual in nature, according to the Post report. Weiner resigned in June 2011 from Congress, where he represented a New York City district, followed a sexting scandal in which he accidentally posted an explicit photo of himself on his public Twitter timeline instead of via a direct message to a woman, as he had intended. When Weiner made a second unsuccessful run for New York City mayor, explicit photos surfaced in July 2013 that he had recently sent under the pseudonym “Carlos Danger” to a young woman in Indiana. Weiner said he had undergone therapy after the first sexting scandal, according to media reports. In recent months, he has taken care of the couple’s toddler son. Abedin often travels with the Clinton campaign. Clinton’s Republican rival, Donald Trump, said in a statement, “Huma is making a very wise decision. I know Anthony Weiner well, and she will be far better off without him.” Abedin first worked for Clinton in the 1990s as an intern when Clinton was first lady. She was a personal aide to Clinton during her successful 2000 campaign for U.S. Senate. Abedin worked on Clinton’s first, unsuccessful White House bid in 2008 and served as her deputy chief of staff at the U.S. State Department. She is now the vice chair of Clinton’s presidential campaign.  Weiner served in Congress, representing his district in New York City from 1999 to 2011. His first unsuccessful run for New York mayor was in 2005. ",0,1,0.6088422021756172,2415,very long (2K+),moderate (0.6-0.8),False Positive (Real->Fake)
"TRUMP’S RIGHT AGAIN: North Korea Says It Just Tested The ‘H Bomb Of Justice’ After Nuclear Test [Video] Donald Trump is right again: He warned in a Presidential debate that no one was paying attention to North Korea. Well, North Korea just tested a hydrogen bomb so big that it registered as a 5.1 earthquake. Yes, we might want to pay more attention to them North Korea wanted what it called  the H-bomb of justice  as protection from the  ever-growing nuclear threat and blackmail by the U.S.-led hostile forces, The Wall Street Journal:An earthquake hit North Korea early Wednesday near the site of the nation s previous nuclear tests and South Korean experts said the seismic activity appeared to be triggered by a man-made explosion.North Korean state radio said Pyongyang would make an  important  announcement at 12 p.m. North Korea time, according to Seoul s Unification Ministry, which monitors its neighbor s media.The U.S. Geological Survey reported the magnitude of the quake at 5.1, with the epicenter in the northeast of the country, 49 kilometers (30 miles) from the nuclear test site of Pyunggye-ri.North Korea s last nuclear test in February 2013 was of the same magnitude. In December, North Korean leader Kim Jong Un said the country was ready to detonate atomic and hydrogen bombs, according to state media.AT THE 54:28 MARK TRUMP SPEAKS ABOUT NORTH KOREA: Ted and I have spoken, a lot of us have spoken, because we re talking about Iran -and they are bad actors   bad things are going to happen   but in the meantime you have somebody right now in North Korea who s got nuclear weapons, and who is saying almost every other week  I m ready to use them , and we don t even mention it. ~ Donald Trump Via: Conservative Treehouse",1,0,0.10193276405484207,1747,long (500-2K),uncertain (<0.4),False Negative (Fake->Real)
"PRESIDENT TRUMP Looking at Executive Action on Obamacare Remember during the effort to get Obamacare passed when Nancy Pelosi said: We ll go through the gate. If the gate s closed, we ll go over the fence. If the fence is too high, we ll pole vault in. If that doesn t work, we ll parachute in but we re going to get health care reform passed for the America people. (at 1:10 mark)Well, now if looks like President Trump might  parachute in  to get rid of Obamacare U.S. Senator Rand Paul said he spoke to President Donald Trump by phone about healthcare reform on Monday and told the president he thought Trump had the authority to create associations that would allow organizations to offer group health insurance plans.Paul, a Republican, told reporters that Trump was considering taking some form of executive action to address problems with the healthcare system after the Senate failed last week to pass a measure to reform the system.Allowing groups like AARP, which represents retirees, to form health associations could enable individuals and small businesses to form larger groups to negotiate with health insurance companies for lower rates.Via: Reuters ",1,0,0.02209773711047589,1165,long (500-2K),uncertain (<0.4),False Negative (Fake->Real)
"LOONY CALIFORNIA SECESSION Group Proclaims They’ve Opened An Embassy…In Russia [Video] California gained an embassy in Russia last weekend, at least in the eyes of those who have promised to seek a statewide vote on secession, nicknamed  Calexit,  in 2018.Louis Marinelli, a San Diego resident who is the leader of the group promoting an effort to turn the state into an independent country, organized the Moscow event that was publicized on social media. We want to start laying the groundwork for a dialogue about an independent California joining the United Nations now,  he said in an email Monday.Read more: LA Times",1,0,0.03133449979504634,621,long (500-2K),uncertain (<0.4),False Negative (Fake->Real)
"NORTH KOREA: Trump’s Recklessness Could Trigger All-Out Conflict on Korean Peninsula  21st Century Wire says Washington s muscle flexing seems to have taken on a life of its own as the shadow of US neocolonialism falls over much of the world with increasing intensity. In Syria, the US is lashing out, lawlessly, at the bastion of resistance that has been denying its objectives for almost seven years. Now, the US secretary of State, Rex Tillerson has declared that China should  exert much greater economic and diplomatic pressure  on North Korea to step away from its nuclear and missile programmes. Footage of a reported, massive  live fire  drill conducted by the North Koreans in April 2017 gives some indication of what the US might face if this  escalation  is magnified beyond recall, by the usual suspects at Fox News and CNN This report is from Peter Symonds of WSWS:In what amounted to a barely disguised threat, US Secretary of State Rex Tillerson yesterday declared that China had to  exert much greater economic and diplomatic pressure  on North Korea to abandon its nuclear and missile programs, if it  wants to prevent a further escalation in the region. In other words, if Beijing fails to rein in the Pyongyang regime, the US could resort to military measures.Tillerson s remarks followed a top-level meeting in Washington between him and US Defence Secretary James Mattis and their Chinese counterparts China s foreign policy chief Yang Jiechi and General Fang Fenghui, chief of the People s Liberation Army s joint staff department.Tillerson called on China to make greater efforts to halt  illicit  revenue streams to North Korea that allegedly help fund Pyongyang s military programs. Just last week, he told a congressional committee the Trump administration was  at a stage  where  we are going to have to   start taking secondary sanctions that is, penalise countries and corporations that engage in economic activities with North Korea.Unilateral  secondary sanctions  imposed by the US would, above all, fall on Chinese companies. China is, by far, North Korea s largest trading partner. US officials and the media have repeatedly accused Beijing of failing to do enough to choke off trade and finance with the Pyongyang regime. Any penalties against Chinese individuals or entities would quickly sour relations between the US and China.Just before the talks, US President Donald Trump signalled that time was running out for China to force North Korea to bow to US demands.  While I greatly appreciate the efforts of President Xi [Jinping] and China,  he tweeted on Tuesday,  it has not worked out. While Tillerson s remarks indicate the US continues to pressure China for action against North Korea, Trump s tweet is a warning that the US will resort to other measures including military action if there are no results.Asked about Trump s tweet, Defence Secretary Mattis told the joint press conference with Tillerson:  What you re seeing I think is the American people s frustration with a regime that provokes and provokes and provokes and basically plays outside the rules, plays fast and loose with the truth. Mattis denounced Pyongyang in particular for the death of Otto Wambier the American student imprisoned in North Korea who died on Monday after being flown back to the US last week. The Trump administration is considering a ban to prevent Americans from visiting Pyongyang. Three other US citizens are currently jailed in North Korea.The comments of Mattis and Tillerson suggest that relations with China could deteriorate rapidly, especially if North Korea conducts another nuclear test or a long-range missile launch. In comments to CNN, unnamed US officials claimed this week that satellite imagery showed new activity at North Korea s underground nuclear test site and suggested that a sixth nuclear detonation could be imminent.Ahead of yesterday s talks in Washington, US State Department officials indicated that Mattis and Tillerson would press their Chinese counterparts not only on North Korea, but a range of other sensitive issues, including the South China Sea and the so-called war on terrorism.Acting Assistant Secretary of State for East Asia, Susan Thornton, told Voice of America that  all parties should freeze any construction or militarisation of features  in the South China Sea a comment directed especially at China. Last month, the US navy carried out another provocative  freedom of navigation  operation, sending a guided missile destroyer within the 12-nautical-mile territorial limit claimed by China around one of its islets.Trade and economic issues were excluded from yesterday s US-China Diplomatic and Security Dialogue but remained just below the surface. During last year s presidential election campaign, Trump repeatedly denounced China s trade policies and threatened punitive trade war measures. In seeking Beijing s assistance to pressure Pyongyang, Trump suggested the US could make concessions on trade.Having tweeted that Chinese efforts have  not worked out,  the implicit threat is that the US could ramp up the pressure on China over trade.  What Trump is saying is, I don t need you on North Korea now, and therefore maybe we should have it out on these other issues, like trade,  analyst John Delury told the New York Times.China is reluctant to impose new sanctions that will cripple North Korea s economy and provoke a political crisis that could be exploited by the US and its allies. At yesterday s talks, Chinese officials reiterated Beijing s call for renewed negotiations based on a freeze by Pyongyang on its nuclear and missile tests and a freeze by Washington on its joint military exercises in South Korea. The US has flatly rejected the proposal.Above all, the threat of US military strikes against North Korea hangs over Asia. Earlier this week, the Pentagon again sent two B-1 strategic bombers on a mission over the Korean Peninsula in a provocative show of force. The US Navy has two aircraft carrier strike groups stationed in the area, with another on its way.Any US military action against North Korea threatens to trigger an all-out conflict on the Korean Peninsula that could draw in other powers, including China, with devastating consequences. The Trump administration s recklessness is underscored by the fact that it is engaged in an escalating confrontation in Syria that threatens to provoke a clash with Russia and Iran, even as it is ramping up tensions in North East Asia.***FOR MORE INFORMATION ON NORTH KOREA: 21WIRE NORTH KOREA FILESSUPPORT OUR WORK BY SUBSCRIBING & BECOMING A MEMBER @21WIRE.TV",1,0,0.0038819468578769087,6620,very long (2K+),uncertain (<0.4),False Negative (Fake->Real)
"Trump on Obamacare repeal: from boasts of greatness to lessons learned (Reuters) - President Donald Trump on Friday was dealt his biggest blow since taking office just over two months ago when House Republican leaders pulled legislation to overhaul the U.S. healthcare system.  Throughout his presidential campaign and since taking office, Trump had repeatedly vowed to repeal and replace Obamacare, the signature domestic achievement of his Democratic predecessor, Barack Obama. Below are a sampling of tweets that Trump posted in March on his plans to repeal Obamacare, followed by comments from Trump on Friday after his fellow Republicans yanked the plan. Tweets on vow to repeal and replace Obamacare: March 7: “Our wonderful new Healthcare Bill is now out for review and negotiation. ObamaCare is a complete and total disaster - is imploding fast!”  March 9: “Despite what you hear in the press, healthcare is coming along great. We are talking to many groups and it will end in a beautiful picture!” March 13: “ObamaCare is imploding. It is a disaster and 2017 will be the worst year yet, by far! Republicans will come together and save the day.” March 16: “Great progress on healthcare. Improvements being made - Republicans coming together!”  March 24: “After seven horrible years of ObamaCare (skyrocketing premiums & deductibles, bad healthcare), this is finally your chance for a great plan!” Trump comments on Friday after the bill was pulled:  “We learned a lot about loyalty. We learned a lot about the vote-getting process.” “Perhaps the best thing that could happen is exactly what happened today, because we’ll end up with a truly great healthcare bill in the future after this mess known as Obamacare explodes.” “We really had it. It was pretty much there, within grasp.” “We learned a lot about some very arcane rules in obviously both the Senate and the House.” ",0,1,0.8238247843268034,1883,long (500-2K),confident (0.8+),False Positive (Real->Fake)
"Congressman wants Homeland Security to address SAT cheating overseas (Reuters) - A U.S. congressman called on the Department of Homeland Security to address whether foreign students are cheating on the SAT to get into American universities and illegally qualify for U.S. visas.  In a letter dated Wednesday and sent to the Homeland Security department, Representative Matt Salmon cited a March report by Reuters that detailed “the widespread practice of strategic cheating on the SAT by test preparation centers in Asia” and what he termed the “passive approach” of the test’s owner – the College Board – to stop cheating overseas.   Salmon, a Republican from Arizona and a member of a House committee on education, wrote in the letter that “certain foreign students could fraudulently gain the upper-hand in college admissions by high test scores due to being prepared by these dishonest test-prep centers, thus limiting the options of those students who took the test honestly.” Thousands of U.S. colleges use the standardized test to help select applicants. “I am concerned that under-qualified students are being admitted to U.S. schools under false pretenses,” Salmon wrote.  About 761,000 degree-seeking foreign students currently study in the United States, according to the Institute of International Education. “With such a generous foreign student system,” Salmon wrote, “it is important that we take every effort to ensure its integrity.” Homeland Security requires visas for international students to study in the United States.  A prospective student must be admitted to a U.S. school before applying for a student visa, and Salmon asked the department whether it had “any estimates on how many students may have entered the U.S. with faulty test scores.”  In an interview Thursday, Salmon said that he wants to ensure that “we’re not encouraging a bunch of cheats to come and study in our schools.”  The College Board, the New York-based not-for-profit that owns the SAT, did not respond to requests for comment. Gillian Christensen, deputy press secretary for Homeland Security, said the department will respond to Salmon’s letter. In an email, she said the department “is committed to ensuring the integrity of the student visa system, while protecting the freedoms and openness that are the hallmarks of our country.”  U.S. Immigration and Customs Enforcement “will aggressively pursue those who seek to exploit and corrupt America’s legal immigration system for personal gain,” Christensen wrote. Reuters reported in March that the College Board has often reused tests overseas after first giving them in America months or years earlier, even after some test questions began circulating online. College Board officials have said they are unable to assess how many test-takers have seen actual exam material before taking the SAT. But Reuters found students who had attended test-preparation centers in China and who said they had seen questions ahead of time from SATs they subsequently took. Reuters identified 14 times since late 2013 when parts of an SAT given internationally had been publicly exposed before the exam was given overseas. A confidential PowerPoint presentation, prepared by College Board officials in June 2013, revealed that parts of nine of 18 exams in the organization’s global inventory had been “compromised.” Even so, College Board officials confirmed that some portions of those tainted tests were later administered overseas.  In his letter to Homeland Security, Salmon wrote: “I was greatly disturbed by recent news reports regarding The College Board’s passive approach to preventing and addressing cheating on the SAT test abroad.” ",0,1,0.7418978850288851,3681,very long (2K+),moderate (0.6-0.8),False Positive (Real->Fake)
"American Scientists Harvesting Human Organs in Live Pigs, Creating a Human-Pig Embryo 21st Century Wire says This is one step closer to the future industry of farming organs in human surrogates.American scientists are now trying to grow human organs inside of pigs in order to  tackle the donor shortage  (problem, reaction, solution).The potential for limitless profits here is immense  The GuardianScientists trying to grow human organs inside pigs in an attempt to tackle a shortage of donors have successfully created part-human, part-pig embryos, it has been reported.Researchers at the University of California, Davis combined human stem cells and pig DNA and allowed the embryos to mature for 28 days, before terminating the experiment and analysing the tissue.They believe that the animals, which would have a human internal organ, may look and behave like any other pig and could be a ready source of organs for life-saving transplants.It was reported earlier this year that scientists had begun attempts to create the embryos but there has been opposition from authorities. In September last year, the US National Institutes of Health said it would not back research into so-called chimeras until it knew more about the implications.It cited fears that the presence of human cells could affect the animal s brain and behaviour, potentially making it more human. Prof Pablo Ross, the reproductive biologist leading the research, sought to calm those fears, saying that there was a  very low potential for a human brain to grow .Peter Stevenson, from Compassion in World Farming, told the BBC s Panorama programme:  I m nervous about opening up a new source of animal suffering. Let s first get many more people to donate organs. If there is still a shortage after that, we can consider using pigs, but on the basis that we eat less meat so that there is no overall increase in the number of pigs being used for human purposes. But Prof Ross said:  Our hope is that this pig embryo will develop normally but the pancreas will be made almost exclusively out of human cells and could be compatible with a patient for transplantation. Continue this story at the GuardianREAD MORE TRANSHUMANISM NEWS AT: 21st Century Wire Transhumanist Files",1,0,0.2507977694211289,2245,very long (2K+),uncertain (<0.4),False Negative (Fake->Real)
"BuzzFeed terminates Republican ad deal over Trump NEW YORK (Reuters) - Online media outlet BuzzFeed has pulled out of an advertising deal reported to be worth $1.3 million with the Republican National Committee over objections to the party’s presumptive nominee Donald Trump. In an e-mail to employees on Monday, BuzzFeed founder and CEO Jonah Peretti wrote: “We don’t run cigarette ads because they are hazardous to our health, and we won’t accept Trump ads for the exact same reason.” “The Trump campaign is directly opposed to the freedoms of our employees in the United States and around the world and in some cases, such as his proposed ban on international travel for Muslims, would make it impossible for our employees to do their jobs,” Peretti wrote in the note, which was posted to BuzzFeed.com.  BuzzFeed declined further comment. Neither BuzzFeed nor the RNC would confirm the exact value of the deal, reported by Politico to be $1.3 million. According to an RNC official who declined to be identified, the deal was less than 1 percent of the party’s ad budget of about $150 million and was effectively a reservation for ad space, not a firm commitment to place ads with BuzzFeed. Trump’s campaign spokeswoman Hope Hicks said she had “nothing to add.”    The RNC provides national leadership for the Republican Party. Trump is expected to be officially nominated as the party’s candidate for the Nov. 8 U.S. presidential election at the Republican National Convention in July.  ",0,1,0.8059033042675274,1490,long (500-2K),confident (0.8+),False Positive (Real->Fake)
" Russian Photographer In The Oval Office Raises Eyebrows, Security Problems Former U.S. intelligence officials have criticized the presence of a Russian photographer capturing President Trump s meeting with Russian Foreign Minister Sergei Lavrov in the Oval Office on Wednesday, citing the potential for a security breach. Concerns were raised after photographs of the meeting were posted on the TASS Russian News Agency website.The White House, however, is playing down the situation, with one senior administration official stating that the Russian had to go through the same screening as a member of the U.S. press going through the main gate to the [White House] briefing room.  Furthermore, the official claims that the White House was misled, claiming that Russian officials had stated that the individual in question was actually Lavrov s personal photographer, concealing the fact that he was also a TASS employee, clearing demonstrating their screening of the Russian photographer was not sufficient. We were not informed by the Russians that their official photographer was dual-hatted and would be releasing the photographs on the state news agency,  said the White House administration official.Former deputy CIA director David S. Cohen was one of several who expressed their concerns over the Russian photographer s presence. Cohen took to Twitter to respond to an online question as to whether or not he thought it was an intelligent decision to have the photographer present at the event, tweeting No it was not.  However, Cohen would not elaborate when pressed for further opinions.Other former security officials have made their unease over the whole situation public, with some describing it as a potential security threat, claiming that White House security screenings aren t foolproof and sophisticated espionage devices could be missed. Others have noted that, not only is it not below the Russians to plant a bug in the White House, but if they managed to pull off such a feat, it wouldn t be the first time they were successful. In late 1999, a listening device that was eventually traced back to Russia was found in a White House conference room where Secretary of State Madeleine Albright had been conducting meetings.Featured image by Chip Somodevilla/Getty Images",1,0,0.0740218840353817,2290,very long (2K+),uncertain (<0.4),False Negative (Fake->Real)
"BREAKING: Trump Reportedly Considering Ted Cruz For Top Cabinet Position Ted Cruz would be fair, honest and most of all, he would follow the law. He would hands down be one of the best choices for this position President-elect Donald Trump is considering nominating Texas Senator Ted Cruz to serve as U.S. attorney general, according to a person familiar with the matter.Cruz, 45, was at Trump Tower in New York on Tuesday. When approached by reporters on his way out, Cruz said the election was a mandate for change but didn t say he was under consideration for a job.Cruz unsuccessfully sought the Republican presidential nomination. He and Trump were at odds during the primary, viciously attacking one another. Trump nicknamed Cruz  Lyin  Ted.  Cruz didn t endorse Trump during a speech at the Republican National Convention in Cleveland. In September, relations between the two men seemed to improve when Cruz said he would vote for Trump.Asked for comment, Cruz spokeswoman Catherine Frazier said:  Cruz is focused on serving Texans in the Senate. He was there today to offer help in promoting the conservative policies that were campaigned on and that he s long fought for. Trump sent out this tweet today:Very organized process taking place as I decide on Cabinet and many other positions. I am the only one who knows who the finalists are!  Donald J. Trump (@realDonaldTrump) November 16, 2016Former New York Mayor Rudy Giuliani was initially discussed as a potential attorney general but now is being discussed as a possible secretary of state pick.   Bloomberg",1,0,0.0065862792378673755,1571,long (500-2K),uncertain (<0.4),False Negative (Fake->Real)
"2012: JUSTICE KENNEDY READ A SCATHING DISSENTING OPINION ON OBAMACARE…Why He May Be The Vote That Saves Obamacare Today Whether federal spending legislation crosses the line from enticement to coercion is often difficult to determine, and courts should not conclude that legislation is unconstitutional on this ground unless the coercive nature of an offer is unmistakably clear. In this case, however, there can be no doubt.   Justices Scalia, Kennedy, Thomas, and AlitoJustice Anthony Kennedy was furious when a majority on the U.S. Supreme Court upheld President Barack Obama s healthcare law. As he read the dissenting opinion from the bench three years ago, his anger was palpable. The majority regards its opinion  as judicial modesty,  he declared.  It is not. It amounts instead to a vast judicial over-reaching. That was Kennedy on June 28, 2012.Now, as the country awaits a ruling in the second major challenge to Obama s signature Affordable Care Act, a question is whether the justice who was the voice of the opposition then could provide the critical fifth vote to uphold the law on the nine-justice court now.At stake are the tax-credit subsidies that have helped low- and moderate-income Americans obtain health insurance. The challengers say the government unlawfully extended those subsidies to states that did not create local insurance exchanges but instead relied on the federal exchange. If the court strikes down the subsidies, millions of Americans in at least 34 of the 50 states could lose coverage.Five years after its passage, the Affordable Care Act has become ingrained in American life even as it remains politically divisive.  This is now part of the fabric of how we care for one another,  Obama, a Democrat, declared in a speech last week. Republicans have called for repeal and among the related lawsuits simmering in lower courts is a dispute brought by Republicans in the U.S. House of Representatives over Treasury Department payments to healthcare insurers.IMPOSSIBLE TO PREDICTIn the case before the court, the unique issue along with Kennedy s record and his comments in oral arguments raise the possibility he will join the four liberal justices to endorse the law. Three years ago, his fellow conservative Chief Justice John Roberts cast the swing vote with the liberals to uphold the law. It marked a rare episode when Kennedy, the usual key justice on this divided bench, did not control the outcome of a momentous case.It is impossible to predict with confidence how the court will resolve the case, King v. Burwell. A ruling is anxiously awaited by officials in Washington and the insurance and healthcare industries nationwide.What is known: Two days after the March 4 oral arguments this year, the justices, per their usual practice, took a vote in a small conference room off Chief Justice Roberts  chambers. The most senior justice on the winning side then assigned the opinion for those in the majority; the senior justice on the dissenting side tapped a writer for the main dissent. Drafts of dueling opinions began circulating among the chambers.In this conversation through memos, the justices will sharpen their arguments, sometimes compromising in reasoning and rhetoric to keep a majority together. Those in dissent similarly hone their retorts. The process is shrouded in secrecy, and the public will only know who is writing which opinion when they are issued.For King v. Burwell, the decision could come down as soon as Monday morning, when the justices next take the bench. It is more likely to be issued later this month. The toughest disputes tend to be resolved right up against the traditional end-of-June deadline for the court s nine-month session. Among the 20 awaited cases is also the question of whether the U.S. Constitution guarantees a right to same-sex marriage.A PIVOTAL POSITIONOn healthcare, either Kennedy or Roberts could tip the balance. Yet the 78-year-old Kennedy, appointed to the bench in 1988 by Republican President Ronald Reagan, may be in a more pivotal position based on his respect for state sovereignty and concern for the practical consequences of a decision.While the 2012 dispute posed a broad-ranging constitutional challenge to the individual insurance mandate before it even took effect, this one turns on a mere four-word clause allowing tax credits for insurance purchased through exchanges  established by the state. The challengers, libertarian lawyers who were among those who lodged the 2012 attack, say that means that the subsidies are not available to people who have bought insurance through federally facilitated exchanges, which vastly outnumber state-run exchanges. The Obama administration contends the law, taken as a whole, makes clear that Congress, when it passed the law, intended the subsidies to apply to all exchanges.During oral arguments Justice Kennedy suggested the challengers  view of the law could put unconstitutional federal pressure on states, because if they failed to set up exchanges, they would lose subsidies:  The states are being told either create your own exchange or we ll send your insurance market into a death spiral,  he said.Kennedy also does not rigidly interpret the words of a statute. He considers how a decision may play out, and he noted that if  people pay mandated taxes  and are denied tax credits,  the cost of insurance will be sky-high. Still, Kennedy may harbor skepticism about the law known as Obamacare, and he acknowledged during arguments the possibility that the challengers could  prevail on the plain words of the statute. Via: Reuters",1,0,0.010194617748447593,5602,very long (2K+),uncertain (<0.4),False Negative (Fake->Real)
"(VIDEO) CONGRESSIONAL BUDGET OFFICE: DEBT HEADED TO 103% OF GDP – LAST SEEN AT END OF WWII CBO DIRECTOR:  How long the nation could sustain such growth in federal debt is impossible to predict with any confidence. At some point, investors would begin to doubt the government s willingness or ability to meet its debt obligations, requiring it to pay much higher interest costs in order to continue borrowing money. Such a fiscal crisis would present policymakers with extremely difficult choices and would probably have a substantial negative impact on the country.  ",1,0,0.37702983293412,567,long (500-2K),uncertain (<0.4),False Negative (Fake->Real)
"Proposed Budget Deal Is MUCH WORSE On U.S. Border Security Than We Originally Thought Only a few days after his inauguration, President Donald Trump moved aggressively to tighten the nation s immigration policies Wednesday, signing executive actions to jumpstart construction of a U.S.-Mexico border wall and block federal grants from immigrant-protecting  sanctuary cities. Beginning today the United States of America gets back control of its borders,  Trump declared during a visit to the Department of Homeland Security.  We are going to save lives on both sides of the border. Trump cast his actions as fulfillment of a campaign pledge to enact hard-line immigration measures, including construction of a wall paid for by Mexico. With the families of Americans killed by people living in the U.S. illegally sitting in the audience, Trump said,  When it comes to public safety, there is no place for politics. Trump cast his actions as fulfillment of a campaign pledge to enact hard-line immigration measures, including construction of a wall paid for by Mexico. With the families of Americans killed by people living in the U.S. illegally sitting in the audience, Trump said,  When it comes to public safety, there is no place for politics.   PBSAlthough the source of funding for a border wall was never really clear, most Americans believed with a Republican majority in both the House and Senate, funding for a secure border wall, as part of our national security was a no-brainer. Conservative Review   The proposed budget deal before the House of Representatives is playing out like a bad replay of the latter Obama era: A Republican-controlled Congress   given the power of the purse by the American people   giving away the farm to Democrat demands.But the capitulation is far worse than one may realize. It s not just the lack of new funding for a southern border wall; this omnibus, which funds countless liberal priorities, prohibits existing funds from being used on any sort of border wall as well.According to a Congressional Research Service report from January, the Department of Homeland Security could have taken non-obligated funds and used them to put structures along areas of the border already spelled out in the Secure Fence Act of 2006 mandating a double-layered fence. Indeed, nothing in current law would appear to bar DHS from installing hundreds of miles of additional physical barriers,  it contends,  at least so long as this action was determined appropriate to deter illegal crossings in areas of high illegal entry or was deemed warranted to achieve  operational control  of the southern border. It s important to remember that the requirement to construct  no less than 700 miles  of border fencing (originally 850 miles) has been the law on the books for over a decade. Obama used waiver authority and very loose discretion (thanks to the weakening of the law in 2008) to skirt the requirement.Now that Trump wants to fulfill the existing mandate, Congress really has a moral obligation to honor the existing statutory authorization with sufficient appropriations. This is not some Trump boondoggle; this is a law passed with major bipartisan support in 2006.What the current proposal does is not only not fund a border wall, but it s so specifically worded as to prohibit any of the currently allocated funds from going to construction on the project. The bill actually rescinds $21 million in unobligated funds for border fencing.This means that even previous resources cannot be used on new construction as well, thereby tying the administration s hands and essentially weakening current law. Without this language, Trump could theoretically begin entering into contracts so that by the time the September funding bill is signed, he can hit the ground running with new funding (not that he will fight then, either). So, rather than take what money exists and use that to start negotiating contracts, run studies, and do whatever else is conceivable on physical border security between now and when Congress revisits this never-ending budget circus in September, nothing except for maintenance on the current, insufficient structure will be permitted.Meanwhile, the current budget retains provisions either providing funds specifically for, or predicating them upon, border security in countries such as Jordan, Lebanon, Egypt, Pakistan, Libya, Ethiopia, and other countries  affected by extremism. That is not to say that the security of these borders against the likes of jihadists aren t our concern, or that these provisions ought not to exist. Assisting in physically stopping the flow of terrorist arms and personnel across borders is but one basic tool to be employed in the global fight against Sharia supremacism. But the juxtaposition of these is telling.A Republican Congress is willing to pass a bill that realizes border security is necessary for countries across the ocean, but will sacrifice not only a symbol of our own sovereignty, but a physical means of protecting it (the only effective way of tackling the policy and political problems with open borders). ",1,0,0.18669364387106507,5119,very long (2K+),uncertain (<0.4),False Negative (Fake->Real)
"BREAKING: GEN MICHAEL FLYNN RESIGNS After Close Friend Steve Bannon Reportedly Offered These 4 Words Of Advice Michael Flynn resigned as President Donald Trump s national security adviser Monday night, amid a growing scandal over his contacts with Russian officials.The White House announced the resignation after days of uncertainty about Flynn s fate after reports that he d obfuscated the details of his conversations with Russian officials to Vice President Mike Pence and other administration officials.Trump administration officials, including chief White House counsel Don McGahn, were briefed last month on Flynn s apparent misstatements about his discussions with the Russians. Yates was dismissed a few days later   after refusing to enforce Trump s travel ban executive order   but a source familiar with the situation said her briefing on Flynn did not appear to play a role in her firing.The Washington Post was the first to report the briefing Monday. The White House announced Flynn s resignation shortly afterward. In the course of my duties as the incoming National Security Advisor, I held numerous phone calls with foreign counterparts, ministers, and ambassadors. These calls were to facilitate a smooth transition and begin to build the necessary relationships between the President, his advisors and foreign leaders. Such calls are standard practice in any transition of this magnitude,  Flynn wrote in his resignation letter. I inadvertently briefed the Vice President Elect and others with incomplete information regarding my phone calls with the Russian Ambassador. I have sincerely apologized to the President and the Vice President, and they have accepted my apology,  Flynn added.Keith Kellogg, the National Security Council chief of staff, will step in as the acting national security adviser and head of the National Security Council. Retired Army Gen. Barry McCaffrey, who has known Kellogg for decades, said early Tuesday that he is a  good man  who was among the earliest Trump loyalists.Flynn, long a controversial figure in the national security establishment, was widely disliked by Trump s more establishment aides, who said he fueled Trump s conspiracy theories and distrust of the intelligence community. But he had maintained Trump s support, as the president believed he was loyal and had insight into military affairs. He was also particularly close to Stephen Bannon, the president s top strategist and a philosophical and strategic adviser with a vast sway on the presidency.Over the weekend, Bannon pulled Flynn aside for a conversation, according to a White House official. Gannon, who had supported Flynn amid turmoil, told him he should  do the right thing  and resign, this official said.The White House has already begun canvassing for Flynn s permanent replacement. Retired Gen. David Petraeus is scheduled to meet with Trump at the White House on Tuesday, according to people familiar with the plans.Petraeus was briefly considered for secretary of state during the transition but was passed over in part because of his 2015 conviction for mishandling classified information.Trump has long admired Petraeus and sought his counsel.  Trump likes him, he respects him,  said a person close to Trump.Petraeus did not respond to an email seeking comment.For entire story  Politico",1,0,0.4748666076104941,3327,very long (2K+),borderline (0.4-0.6),False Negative (Fake->Real)
"UN NEWS AGENCY SCRUBS TWEET Calling On Americans Abroad To ‘Stop Trump’ The United Nations News Centre   the official U.N. news service   tweeted, then quickly pulled, a post that called for  8 million Americans abroad  to  stop Trump. The tweet, published at 9:14 p.m. ET on Thursday, urged American expats to share a voter registration tool on the website of the activist organization Avaaz that states,  U.S. Citizens abroad could defeat Trump   if they voted. The Web page, titled  The October surprise that will end Trump,  allows users to sign up for help registering to vote in the Nov. 8 presidential election and encourages them enlist their friends as well.  At a time when Trump is trying to divide us, we could help defeat him if we all share this page with EVERYONE. Let s reach every US voter abroad,  it reads. The tweet was deleted within 20 minutes, without explanation. Ari Gaitanis, chief of the U.N. News Services Section, which oversees the twitter account, said it was a mistake. Read more: Politico",1,0,0.02069815957945276,1021,long (500-2K),uncertain (<0.4),False Negative (Fake->Real)
"A Picture and its Story: Reaching out to rescue a Rohingya woman PALONG KHALI, Bangladesh (Reuters) - Hannah McKay was on her first foreign assignment, just three months after joining Reuters, photographing Rohingya Muslims in refugee camps in Bangladesh. Then she and other photographers heard around 5,000 more people were heading to the area, trying to find their way across the border from neighbouring Myanmar. Here is her account of what happened next:  We were standing, looking out over paddy fields and grasslands   lots of water and one thin path leading to the border with Myanmar.   In the distance we could see a huge group of people. But they weren t moving. It was 4 o clock in the afternoon with only two hours left of daylight. So we decided to move towards them.   It took us about an hour along the muddy path, meeting border guards and persuading them to let us pass. Then we saw thousands of refugees just sitting there, with more Bangladeshi border guards telling us to go back.  We could see something was going on behind the crowd. So we waited for an opportunity to move closer, and that s when we saw them.   The crowd was sitting on a riverbank and behind them, about three meters below, in the river itself, there were just hundreds of refugees coming across every minute. It was non-stop. There was no end to the people. People carrying babies. Elderly people being escorted through the water and mud, more than knee-deep.  And we were just photographing everyone coming towards us.   Then this woman appeared. She got to the point where she needed to get up to the footpath where we were. But she was just exhausted. She didn t have anything left to get herself up. Two refugee men on her level were trying to push her up, which was when we reached out to help. Another Reuters photographer, Adnan Abidi, took a hand. Another photographer took another and I got her leg when she got within range. It was a case of dragging her.  She lay there for a few minutes and then, I have no idea what happened to her. There were so many people around and it was chaos.  We decided to get down into the river to get a different view. And it was so difficult   even for us who had some energy to spare. All the people around us had been walking for days. When I got back to the bank, I found I had nothing to hold onto, with two cameras weighing me down. That s when two refugee men reached out with their hands and pulled me on to the bank. I kept saying  Thank You , but they didn t understand.  It was overwhelming and made me think of the woman we had pulled out.   You are there trying to do your job with a camera in your hand. And then your heart overrules your head. I had been in the camps, where everything was quite settled. But then I saw the real chaos and the refugees  desperate situation. You hear about it. But seeing it is a completely different thing.  Related photo at reut.rs/2yp96R4 ",0,1,0.9644142211853658,2923,very long (2K+),confident (0.8+),False Positive (Real->Fake)
"EGYPTIAN COURT SENTENCES MUSLIM BROTHERHOOD LEADER AND 13 OTHERS TO DEATH AND LEADER’S “Peaceful” U.S.-Egyptian Brother To Life In Prison But wait wasn t the Muslim Brotherhood s Arab Spring (Sharia Law for all Egyptians) supposed to be a good thing? An Egyptian court sentenced Mohamed Badie, leader of the outlawed Muslim Brotherhood, and 13 other senior members of the group to death for inciting chaos and violence, and gave a life term to a U.S.-Egyptian citizen for ties to the Brotherhood.The men were among thousands of people detained after freely elected Islamist president Mohamed Mursi was toppled in 2013 by the military under Abdel Fattah al-Sisi, who is now president.Sisi describes the Brotherhood as a major security threat. The group says it is committed to peaceful activism and had nothing to do with Islamist militant violence in Egypt since Mursi s fall following mass protests against his rule.Egypt s mass trials of Brotherhood members and people accused of links to the group, as well as its tough crackdown on Islamist and liberal opposition alike, have drawn international criticism of its judicial system and human rights record.The sentences, pronounced at a televised court session on Saturday, can be appealed before Egypt s highest civilian court in a process that could take years to reach a final verdict.U.S.-Egyptian citizen Mohamed Soltan was sentenced to life in jail for supporting the veteran Islamist movement and transmitting false news. He is the son of Brotherhood preacher Salah Soltan, who was among those sentenced to death.Mohamed Abdel-Mawgod, one of the defense lawyers, condemned the verdicts.  The court did not differentiate between the defendants and put them all in the same basket,  he told reporters at the courthouse. None of the defendants were present during the hearing.Badie is the Brotherhood s General Guide and has already been sentenced to several death and life sentences. His deputy Khairat El-Shater was given a life sentence on Saturday. OPERATIONS ROOM  TRIALRights groups say Egypt, where a popular uprising toppled veteran autocrat Hosni Mubarak in 2011 and started years of political turmoil, is now cracking down on all dissent. Sisi says stability is needed to revive the shattered economy.Rights advocates have criticized a U.S. decision to end a freeze on military aid to Cairo, saying Washington is putting human rights on the backburner. The United States has said the decision to end the freeze was in the interest of national security.Mohamed Soltan, 27, arrested in August 2013, had been on hunger strike while in prison. He deserves the punishment because of the money and instructions from the Brotherhood which were found with him, and for spreading chaos and horror in society,  presiding Judge Mohamed Nagi Shehata told reporters.Sara Mohamed, a relative of the Soltan family, said they would appeal the verdict.  It was a farce trial of the first class None of the defendants attended the session,  she told Reuters by phone.A website calling for Mohamed Soltan s release says he was not a member of the Brotherhood, describing him as a U.S.-educated peace activist who was involved in youth events and charities. The website shows pictures of him lying emaciated on a stretcher while in detention.Saturday s case was known in local media as  The Rabaa Operations Room  trial. This is in reference to a sit-in at Rabaa square in 2013 in which hundreds of people protesting at the overthrow of Mursi were killed when security forces tried to clear the area by force.Cairo has defended its actions, saying it had given protesters the opportunity to leave peacefully and that armed elements within the Brotherhood initiated the violence.Saturday s session sentenced 51 people. Those who were not sentenced to death were given a life sentence. The long list of charges included leading and funding an outlawed group, overturning the constitution and planning to spread chaos, a court source said.Via: Reuters",1,0,0.0029882487305546357,3993,very long (2K+),uncertain (<0.4),False Negative (Fake->Real)
"GENERAL BOYKIN On Gender Neutral Bathrooms: “…the first man that walks in my daughter’s bathroom, he ain’t going to have to worry about surgery.” General Boykin spoke at The Awakening 2016 conference and had this to say about the hot topic of gender neutral bathrooms: ",1,0,0.14455265613709462,269,medium (100-500),uncertain (<0.4),False Negative (Fake->Real)
"OBAMA MAKES STUNNING 11th Hour Gift Of Massive Uranium Shipment To Iran…As Iran Develops Long-Range Missile Plan In what amounts to an 11th hour  gift  by the outgoing Obama administration to Tehran s leadership to keep the country, which on Sunday was involved in yet another shooting incident with a US destroyer, content and compliant with Obama s landmark  Nuclear deal , the AP reported that Iran is to receive a huge shipment of natural uranium from Russia to compensate it for exporting tons of reactor coolant. The move was approved by the outgoing U.S. administration and other governments  seeking to keep Tehran committed to a landmark nuclear pact. AP cites two senior diplomats who said that the transfer which was recently agreed by the U.S. and five other world powers that negotiated the nuclear deal with Iran, foresees delivery of 116 metric tons (nearly 130 tons) of natural uranium. U.N. Security Council approval is needed but a formality, considering five of those powers are permanent Security Council members, they said. The swap is in compensation for the approximately 40 metric tons (44 tons) of heavy water exported by Iran to Russia since the nuclear agreement went into effect. Another 30 metric tons have gone to the U.S. and Oman.While Uranium can be enriched to levels ranging from reactor fuel or medical and research purposes to the core of an atomic bomb, Iran has claimed it has no interest in such weapons and its activities are being closely monitored under the nuclear pact to make sure they remain peaceful. As we reported at the time, Tehran previously received a similar amount of natural uranium in 2015 as part of negotiations leading up to the nuclear deal, in a swap for enriched uranium it sent to Russia. But the new shipment will be the first such consignment since the deal came into force a year ago.The news comes ahead of a meeting in Vienna, where representatives of Iran, the United States, Russia, China, Britain, France and Germany will review Iranian complaints that the U.S. was reneging on sanctions relief pledges included in the nuclear deal.As AP adds,  the uranium agreement comes at a sensitive time. With the incoming U.S. administration and many U.S. lawmakers already skeptical of how effective the nuclear deal is in keeping Iran s nuclear program peaceful over the long term, they might view it as further evidence that Tehran is being given too many concessions. Tehran s nuclear activities start to expire in less than a decade. The troubling part, if only for those who see Iran as hell bent on creating nucleaar weapons was noted by David Albright, whose Institute of Science and International Security often briefs U.S. lawmakers on Iran s nuclear program, says the shipment could be enriched to enough weapons-grade uranium for more than 10 simple nuclear bombs,  depending on the efficiency of the enrichment process and the design of the nuclear weapon. While it remains to be seen if Trump will comment on the unexpected delivery, we are certain that Israel, and especially its embattled prime minister Netanyahu, will raise a substantial fuss over the renewed possibility of a nuclear-armed neighbor. Heavy water is used to cool a type of reactor that produces more plutonium than reactors cooled by light water. Like enriched uranium, plutonium can be turned into the fissile core of a nuclear weaponMeanwhile, Reuters reports that Iranian lawmakers, far from demilitarizing, approved plans on Monday to expand military spending to five percent of the budget, including developing the country s long-range missile program which U.S. President-elect Donald Trump has pledged to halt. The vote is a boost to Iran s military establishment   the regular army, the elite Islamic Revolutionary Guard Corps (IRGC) and defense ministry   which was allocated almost 2 percent of the 2015-16 budget. But it could put the Islamic Republic on a collision course with the incoming Trump administration, and fuel criticism from other Western states which say Tehran s recent ballistic missile tests are inconsistent with a U.N. resolution on Iran. The resolution, adopted last year as part of the deal to curb Iran s nuclear activities, calls on Iran to refrain from work on ballistic missiles designed to deliver nuclear weapons. Tehran says it has not carried out any work on missiles specifically designed to carry such payloads.The Obama administration says Iran s ballistic missile tests have not violated the nuclear agreement with Tehran, but Trump, who criticized the accord as  the worst deal ever negotiated , has said he would stop Iran s missile program. Those ballistic missiles, with a range of 1,250 miles, were designed to intimidate not only Israel   but also intended to frighten Europe and someday maybe hit even the United States,  he told the American Israel Public Affairs Committee AIPAC in March.  We re not going to let that happen. So one hand, we have Obama desperate to salvage his diplomatic legacy (having already seen TPP implode and Obamacare starting the repeal proess), appeasing Iran in every possible way, even if it means further antagonizing Israel; on the other we have Iran taking advantage of Obama s weakness, and accelerating the ballistic weapons program which has been banned per the same treasury that Obama wants to see continue. Finally, throw in Trump and Netanyahu in the mix, and the future for US-Iranian relations after January 20 suddenly looks rather volatile.  Zero Hedge",1,0,0.4262651592192933,5495,very long (2K+),borderline (0.4-0.6),False Negative (Fake->Real)
"Trump loves 'the poorly educated' ... and social media clamors (Reuters) - U.S. presidential candidate Donald Trump’s declaration of love for “the poorly educated” in his Nevada victory speech lit up social media on Wednesday, sparking a battle between those dumbfounded by the remark and those saying it had been taken out of context.  After winning the vote of the state’s Republicans by a wide margin on Tuesday, the real estate billionaire rattled off a list of those groups who swept him to victory: “We won with young. We won with old. We won with highly educated. We won with poorly educated. I love the poorly educated.”  By Wednesday morning, the phrase “I LOVE THE POORLY EDUCATED” was trending heavily. On Twitter, it was tweeted roughly 15 times a minute, according to social media analytics firm Zoomph.  ""I am, by modern standards, poorly educated, and I think that Donald Trump is a threat to America,"" tweeted Aaron Camp (@AaronApolloCamp).  Another Twitter user, Kat (@VTweddingPhoto), wrote, “This is an embarrassment. For the GOP and for us as Americans. The world is once again laughing.”  Others said Trump’s remark was being taken out of context, as he also touted having won the support of “the highly educated.”  ""To be fair with Trump, he said 'I love the highly educated and the poorly educated'. Don't take it out of context,"" tweeted Super Bowl Champs (@Josh_D_Manning).  Dan Slott (@DanSlott) was not swayed. “We won the poorly educated vote. I love the poorly educated” - Trump Not a joke. Not parody. Not out of context. Trump ACTUALLY said this.”  Trump has won three of the four state-by-state Republican nominating contests, including Nevada, in the run-up to the party nominating convention in July and the Nov. 8 general election to succeed President Barack Obama.  ",0,1,0.7146582947959746,1802,long (500-2K),moderate (0.6-0.8),False Positive (Real->Fake)
"New Jersey 'Bridgegate' defendant says he was duped NEWARK, N.J. (Reuters) - After days of complaints about traffic jams at a major New York bridge in 2013, New Jersey Governor Chris Christie’s associate demanded to know if lane closures were political retribution, he testified on Monday. On trial over his alleged role in the “Bridgegate” scandal, Bill Baroni, Christie’s top political appointee at the Port Authority of New York and New Jersey, said he confronted fellow authority executive David Wildstein to ask whether the lane closures in September 2013 were an act of retribution against the Democratic mayor of a commuter town. “I said, ‘David, tell me right now, is this true?’” Baroni testified in federal court in Newark, where he is on trial on fraud charges. “He looked me in the eye and said, ‘Absolutely not.’” In his first day of testimony, Baroni asserted that Wildstein orchestrated the lane closures without his knowledge to punish Mark Sokolich, the mayor of Fort Lee, for his refusal to endorse Christie’s re-election bid. Baroni also rejected Wildstein’s contention that they discussed the scheme with Christie as it was unfolding. Christie had soared to national prominence in late 2012 for his response to Superstorm Sandy and wanted to use that spotlight, and an aura of bipartisan spirit, to catapult himself towards the White House. But the scandal hurt his image and his campaign ultimately collapsed early this year, though he has always denied involvement. Baroni’s story was entirely at odds with the narrative U.S. prosecutors have presented at trial. They have accused Baroni, Wildstein and former Christie deputy chief of staff Bridget Kelly of conspiring to create the traffic jam to punish Sokolich. Kelly, on trial alongside Baroni, is also expected to testify. Wildstein has pleaded guilty and appeared as the government’s star witness earlier in the case. Baroni said he confronted Wildstein after receiving a letter from Sokolich suggesting the closures had “punitive overtones.” But during cross-examination, Assistant U.S. Attorney Lee Cortes pointed out that days before, Sokolich left him a voicemail asking “who’s mad at me?” “So the first time you heard from him, he was asking if someone was mad at him? It wasn’t Thursday?” Cortes asked. Baroni said he believed Wildstein’s representation that the George Washington Bridge lane closure was part of a traffic study and that he should not respond to Sokolich.  “I’ve regretted it ever since,” Baroni said. Wildstein said he and Baroni invented the traffic study as a cover story. ",0,1,0.8113016165259973,2577,very long (2K+),confident (0.8+),False Positive (Real->Fake)
